{"count":1,"self":2989.6091647999997,"total":7684.1580534999994,"children":{"AgentSendState":{"count":15185185,"self":33.8700512,"total":86.0272993,"children":{"CollectObservations":{"count":1518519,"self":33.4132864,"total":33.4132848,"children":null},"CollectDiscreteActionMasks":{"count":1518519,"self":1.0129914,"total":1.0129914,"children":null},"AgentInfo.ToProto":{"count":1518519,"self":6.2323184,"total":17.7309725,"children":{"GenerateSensorData":{"count":1518519,"self":11.498653599999999,"total":11.498653899999999,"children":null}}}}},"DecideAction":{"count":15185185,"self":4590.4748543999995,"total":4590.474805,"children":null},"AgentAct":{"count":15185185,"self":17.924057599999998,"total":18.027711099999998,"children":{"AgentInfo.ToProto":{"count":11451,"self":0.030006099999999997,"total":0.1036536,"children":{"GenerateSensorData":{"count":11451,"self":0.073647499999999991,"total":0.073647499999999991,"children":null}}}}}},"gauges":{"KuusAgent.CumulativeReward":{"count":11451,"max":2.41137886,"min":-84.17922,"runningAverage":1.32472682,"value":2.04664373,"weightedAverage":1.63367963}},"metadata":{"timer_format_version":"0.1.0","start_time_seconds":"1599588238","unity_version":"2020.1.4f1","command_line_arguments":"D:\\Kandidat-Speciale\\Speciale\\ml-agents-release_6\\KuusAgent\/UnityEnvironment.exe --mlagents-port 5005 -logFile D:\\Kandidat-Speciale\\Speciale\\ml-agents-release_6\\results\\FirstTestRobotArm\\run_logs\\Player-0.log","communication_protocol_version":"1.0.0","com.unity.ml-agents_version":"1.0.4","scene_name":"ur5control","end_time_seconds":"1599595922"}}