{"count":1,"self":1000.8302592,"total":4938.5114907,"children":{"AgentSendState":{"count":1250534,"self":57.027871999999995,"total":325.98580699999997,"children":{"CollectObservations":{"count":10004272,"self":141.2084864,"total":141.2084813,"children":null},"CollectDiscreteActionMasks":{"count":10004272,"self":6.6348655999999995,"total":6.6348655999999995,"children":null},"AgentInfo.ToProto":{"count":10004272,"self":24.0258848,"total":121.114587,"children":{"GenerateSensorData":{"count":10004272,"self":97.088703999999993,"total":97.0887027,"children":null}}}}},"DecideAction":{"count":1250534,"self":3581.9782143999996,"total":3581.978415,"children":null},"AgentAct":{"count":1250534,"self":28.284191999999997,"total":29.715055399999997,"children":{"AgentInfo.ToProto":{"count":95437,"self":0.36136029999999997,"total":1.4308619,"children":{"GenerateSensorData":{"count":95437,"self":1.0695016,"total":1.0695016,"children":null}}}}}},"gauges":{"KuusAgent.CumulativeReward":{"count":95437,"max":1.21869469,"min":-34.4051971,"runningAverage":0.8533125,"value":0.999,"weightedAverage":0.9637097}},"metadata":{"timer_format_version":"0.1.0","start_time_seconds":"1599751755","unity_version":"2020.1.4f1","command_line_arguments":"D:\\Kandidat-Speciale\\Speciale\\ml-agents-release_6\\KuusAgent\/UnityEnvironment.exe --mlagents-port 5005 -logFile D:\\Kandidat-Speciale\\Speciale\\ml-agents-release_6\\results\\7thTestRobotArm\\run_logs\\Player-0.log","communication_protocol_version":"1.0.0","com.unity.ml-agents_version":"1.0.4","scene_name":"ur5control","end_time_seconds":"1599756694"}}